rouge1_f,rouge2_f,rougeL_f,meteor,bleu1,bleu2,bleu3,bleu4,bertscore_precision,bertscore_recall,bertscore_f1,interaction_number
0.2575250836120402,0.030201342281879193,0.11036789297658864,0.12150377596869034,0.12081526253209234,0.03286335662907465,0.016076350918376423,0.008552639738101787,0.3754207193851471,0.44729986786842346,0.4082203507423401,1
0.2292817679558011,0.024930747922437674,0.09668508287292818,0.10589025501554442,0.09677457875329097,0.023174241326532063,0.011435475822968342,0.0061091756992723905,0.37466520071029663,0.44577252864837646,0.4071374237537384,2
0.2028169014084507,0.022577610536218252,0.08826291079812207,0.08948892726030261,0.04556369357115027,0.01256063525618825,0.0064951176325177985,0.0031258936089552593,0.3849531412124634,0.47229674458503723,0.42417532205581665,3
0.1826771653543307,0.023659305993690854,0.08031496062992124,0.07523225253518576,0.02164644664364715,0.006606505495857288,0.0034410363482757235,0.001888463377348353,0.392969012260437,0.4892241358757019,0.43584543466567993,4
0.1430635838150289,0.011577424023154849,0.07080924855491329,0.05632733001921043,0.006931003084149248,0.0017204631059556834,0.0005658908062446107,0.0001826649579635059,0.37671709060668945,0.4806724786758423,0.42239269614219666,5
0.143236074270557,0.00796812749003984,0.0702917771883289,0.054729398489124545,0.006131063546355047,0.001441754951109337,0.0004657124468060876,0.00014896615423261542,0.37533408403396606,0.477108359336853,0.42014575004577637,6
