rouge1_f,rouge2_f,rougeL_f,meteor,bleu1,bleu2,bleu3,bleu4,bertscore_precision,bertscore_recall,bertscore_f1,interaction_number
0.2268041237113402,0.03460207612456747,0.10309278350515465,0.1774650751638539,0.19907407407407404,0.05270462766947299,0.010908404703507667,0.004968508425343378,0.4299297630786896,0.4504462480545044,0.4399489462375641,1
0.22675736961451246,0.03644646924829157,0.09977324263038548,0.1400738052922591,0.16374353285310767,0.04902999120402871,0.019209291553573943,0.006768513000240252,0.39913877844810486,0.4566238522529602,0.4259505569934845,2
0.2530329289428076,0.03130434782608696,0.09705372616984403,0.10908194159189348,0.11967825811489252,0.03615531493466235,0.015999490848401188,0.005037855020980798,0.37504762411117554,0.44944822788238525,0.40889105200767517,3
0.24374999999999997,0.028213166144200625,0.09375000000000001,0.09549549549549549,0.08098697891342782,0.024155971365331434,0.00844850446246143,0.0028125351913356146,0.36418616771698,0.4453343152999878,0.40069299936294556,4
0.23273657289002558,0.017948717948717947,0.09207161125319693,0.07952471485101743,0.04596563449872847,0.005148912297734461,0.0011535324978429937,0.0005465171486989116,0.3544858396053314,0.44100454449653625,0.3930402398109436,5
0.2222222222222222,0.02727272727272728,0.0816326530612245,0.07774904363794735,0.030536643663215058,0.007943758129077206,0.0027942289308990763,0.0009328142399932625,0.36309415102005005,0.47200751304626465,0.4104486405849457,6
0.20889748549323017,0.023255813953488375,0.07736943907156674,0.06741765254493237,0.013867842693594106,0.0034207144878963137,0.0005487036783892383,0.00021997670512748367,0.3658941984176636,0.48584696650505066,0.41742396354675293,7
