rouge1_f,rouge2_f,rougeL_f,meteor,bleu1,bleu2,bleu3,bleu4,bertscore_precision,bertscore_recall,bertscore_f1,interaction_number
0.2360655737704918,0.059405940594059396,0.11147540983606558,0.15848068571315715,0.13580246913580246,0.03350126050864039,0.007751190628094155,0.0037322738583264615,0.40272146463394165,0.404946893453598,0.4038311541080475,1
0.21500000000000002,0.035175879396984924,0.10999999999999999,0.13631224989742832,0.16785714285714284,0.007756535984989121,0.0027867431512213344,0.0016718709997842647,0.38853034377098083,0.4089435040950775,0.39847564697265625,2
0.21501014198782958,0.03258655804480652,0.10547667342799187,0.11508310242514454,0.1575504953172937,0.02930479021263305,0.0061694774598031075,0.0028331174214835035,0.38886430859565735,0.4154590368270874,0.4017220437526703,3
0.2258592471358429,0.029556650246305417,0.10147299509001637,0.10097855506974807,0.12743318190443162,0.021421302678540283,0.004359902337508788,0.001968489459109724,0.3783542513847351,0.4142163395881653,0.3954739570617676,4
0.23823529411764705,0.035398230088495575,0.09705882352941178,0.09789960320597925,0.08778581692950177,0.014264454798148416,0.002870816771582872,0.0012889745858092971,0.37022197246551514,0.42028120160102844,0.3936665654182434,5
0.19867549668874168,0.021248339973439574,0.09006622516556291,0.08147386964180857,0.06365491323017199,0.0022543522892442013,0.0007411565727594637,0.00042532800774662706,0.34513771533966064,0.4078395962715149,0.37387800216674805,6
0.16831683168316833,0.014888337468982632,0.08168316831683169,0.06599581808677471,0.03829308392330953,0.004489862671946659,0.001021226098674845,0.0004874793021554947,0.3466583490371704,0.4175783395767212,0.3788277208805084,7
