rouge1_f,rouge2_f,rougeL_f,meteor,bleu1,bleu2,bleu3,bleu4,bertscore_precision,bertscore_recall,bertscore_f1,interaction_number
0.1592920353982301,0.01785714285714286,0.09734513274336284,0.13537255720562216,0.09230769230769233,0.006897918866925497,0.002910446485258069,0.0018929729432481516,0.3951171636581421,0.4006150960922241,0.39784711599349976,1
0.16666666666666669,0.0049261083743842365,0.08823529411764705,0.11574952561669828,0.1439129147138508,0.007396870236506484,0.0027537611654233057,0.0016818555632970948,0.38566625118255615,0.4177606701850891,0.4010724425315857,2
0.22661870503597126,0.01444043321299639,0.0935251798561151,0.11189895856414803,0.12216603054555725,0.01432646111186556,0.003259146635353176,0.0015560182530295814,0.36325475573539734,0.42360714077949524,0.3911164104938507,3
0.2334869431643625,0.012326656394453003,0.09523809523809523,0.11198573313665834,0.10131903565329406,0.015303652700759118,0.003006368233074064,0.0013337797085696088,0.3498227596282959,0.41728758811950684,0.38058850169181824,4
0.23785166240409208,0.03333333333333333,0.08951406649616368,0.10155893088732064,0.04970614437083502,0.016422609476596316,0.00837708337341401,0.005036486323880069,0.3356863260269165,0.415194571018219,0.3712310194969177,5
0.22712238147739805,0.030939226519337018,0.09261300992282248,0.09145926373748986,0.038786144447639094,0.012168017228674827,0.006099842210170157,0.003635259689189862,0.3545730710029602,0.4554974436759949,0.3987483084201813,6
0.19748305905130686,0.027158098933074682,0.08518877057115197,0.07821513275721118,0.014426339496523114,0.00486429428103817,0.002135867891549314,0.0010765602255395623,0.3489376902580261,0.45075225830078125,0.3933635950088501,7
0.15902140672782875,0.02450229709035222,0.06880733944954129,0.05773156869351895,0.003072987408774589,0.001046098878890564,0.0003195050213216036,9.940386066456762e-05,0.35305771231651306,0.4651436507701874,0.40142330527305603,8
