rouge1_f,rouge2_f,rougeL_f,meteor,bleu1,bleu2,bleu3,bleu4,bertscore_precision,bertscore_recall,bertscore_f1,interaction_number
0.16239316239316237,0.0,0.07692307692307691,0.13352073085031624,0.16574585635359115,0.030344856451720227,0.008012580047618146,0.0041231039611216,0.4101949632167816,0.42826950550079346,0.419037401676178,1
0.2260127931769723,0.0,0.1023454157782516,0.13450109477635283,0.2037973141311983,0.034765261966858925,0.007112536660492528,0.003220295525253311,0.3896523118019104,0.4284554123878479,0.4081336557865143,2
0.2079722703639515,0.003478260869565217,0.10051993067590988,0.10998877665544332,0.13101114188857585,0.004793041396743866,0.0015931989954347994,0.0009194316729230717,0.3721921443939209,0.4232688546180725,0.39609068632125854,3
0.1863905325443787,0.011869436201780416,0.08875739644970415,0.09756653156125303,0.08378158450288103,0.009757497570639396,0.0022144926400082194,0.0010559613415392893,0.36122047901153564,0.4247490167617798,0.39041730761528015,4
0.17335058214747737,0.010376134889753566,0.08020698576972833,0.08057659502577015,0.048116435349357715,0.008034637445438367,0.0016320447066802929,0.0007362581760611554,0.3460767865180969,0.419235497713089,0.3791593909263611,5
0.14403778040141677,0.004733727810650888,0.06847697756788665,0.06955380577427821,0.032730853056140194,0.003812279693745775,0.000865283227761831,0.00041263873819528805,0.34652623534202576,0.43584007024765015,0.38608518242836,6
