rouge1_f,rouge2_f,rougeL_f,meteor,bleu1,bleu2,bleu3,bleu4,bertscore_precision,bertscore_recall,bertscore_f1,interaction_number
0.3370786516853933,0.07547169811320756,0.15730337078651685,0.23541588585143874,0.27692307692307694,0.12530691899989654,0.06878349860395955,0.03608177461204547,0.4438716769218445,0.4687943756580353,0.4559926986694336,1
0.24302788844621515,0.015999999999999997,0.10358565737051793,0.13912815179951954,0.19339002923942208,0.046987654059677746,0.008583510368784932,0.0036719382963805894,0.39822736382484436,0.4478229880332947,0.4215715229511261,2
0.21931260229132568,0.013136288998357963,0.09165302782324058,0.11604354801357716,0.14425426313967182,0.03251566213830621,0.005792872529211406,0.00244720863111564,0.3794975280761719,0.45175960659980774,0.4124876856803894,3
0.18938307030129126,0.0,0.07747489239598278,0.09161128076163104,0.09086435098754389,0.01486427896431119,0.0029984471419830343,0.0013479021603852695,0.3641069829463959,0.4415737986564636,0.3991161584854126,4
0.1802030456852792,0.0,0.06852791878172589,0.0817827130852341,0.06509505822289782,0.01012261303442485,0.0020077598768585177,0.0008949698628623429,0.3554407060146332,0.43819889426231384,0.3925049304962158,5
0.17653631284916202,0.0022396416573348264,0.06927374301675977,0.06803138024025497,0.0340681755251842,0.0052664527103706855,0.001042547558371614,0.00046428496720027785,0.35838085412979126,0.47024625539779663,0.40676259994506836,6
0.1573236889692586,0.005434782608695652,0.06871609403254973,0.058501132149855285,0.014225721818267012,0.002136442348217616,0.00041887715233235865,0.00018564608769197895,0.36299067735671997,0.47510066628456116,0.4115472733974457,7
0.16355140186915887,0.0078003120124804995,0.07320872274143302,0.05440435234818785,0.007507779016443309,0.0016571553164058048,0.000586384641570298,0.0001963305150074416,0.3681792616844177,0.48729342222213745,0.4194437563419342,8
