rouge1_f,rouge2_f,rougeL_f,meteor,bleu1,bleu2,bleu3,bleu4,bertscore_precision,bertscore_recall,bertscore_f1,interaction_number
0.2571428571428572,0.04807692307692308,0.10476190476190476,0.2149191177865013,0.1989247311827957,0.07332355751067662,0.03880607715464358,0.02377179819028848,0.4288891553878784,0.4097343683242798,0.4190930128097534,1
0.1978021978021978,0.02762430939226519,0.09340659340659341,0.13034929115870855,0.19140029425485897,0.037978636374146,0.008171626560080024,0.0037942854455441837,0.39490020275115967,0.41319915652275085,0.4038424491882324,2
0.20704845814977973,0.02654867256637168,0.08370044052863436,0.11001817229436608,0.14555997679306706,0.026851651300888152,0.00563853397244393,0.00258634878796881,0.3854247033596039,0.4162234365940094,0.4002324640750885,3
0.22847682119205295,0.023255813953488372,0.08940397350993377,0.10394720371492024,0.1165625893631811,0.027146935919818822,0.004889390783047516,0.002076816158430935,0.36589184403419495,0.40584537386894226,0.3848343789577484,4
0.20300751879699247,0.017587939698492462,0.07268170426065163,0.08023880547071865,0.045431342493768956,0.0066388366812684145,0.001289791727980038,0.0005690218210841191,0.35794341564178467,0.42296937108039856,0.3877491056919098,5
0.1990950226244344,0.018140589569160998,0.07918552036199096,0.075612875842949,0.04095509913906101,0.007105483611683005,0.0012768310014702334,0.0005417117563512544,0.36318331956863403,0.43156203627586365,0.39443108439445496,6
0.17916666666666664,0.012526096033402923,0.06666666666666668,0.06508815088150882,0.023485077337577823,0.0033956793336497254,0.0006573553266272266,0.0002894791156261933,0.36491119861602783,0.43714743852615356,0.39777639508247375,7
0.17271835132482827,0.015732546705998034,0.06476938174681059,0.06621116958236144,0.01910253274864746,0.0027764614229613327,0.0005384126565468282,0.0002373030977242069,0.36579006910324097,0.44008785486221313,0.39951401948928833,8
