rouge1_f,rouge2_f,rougeL_f,meteor,bleu1,bleu2,bleu3,bleu4,bertscore_precision,bertscore_recall,bertscore_f1,interaction_number
0.3671232876712329,0.06611570247933884,0.21369863013698628,0.19264260988750906,0.260026158584235,0.0737239385340062,0.026696622227279566,0.009044999551645809,0.4590396285057068,0.4877189099788666,0.47294488549232483,1
0.23310023310023312,0.037383177570093455,0.1351981351981352,0.10348418667317753,0.05580374063175305,0.014434925722448238,0.004813919517825261,0.001564740569235532,0.3919183909893036,0.4818112552165985,0.4322405457496643,2
0.1744855967078189,0.026380873866446827,0.09876543209876541,0.07833308379758032,0.019619069070263576,0.006188693215144756,0.002320983639921759,0.0006726898483796047,0.40522658824920654,0.4951515793800354,0.44569846987724304,3
0.15674891146589257,0.023255813953488372,0.08853410740203194,0.06375955724924438,0.008560094854241609,0.002607032049705268,0.0007895926007283907,0.00024457184429027166,0.39202502369880676,0.4946634769439697,0.4374038279056549,4
0.14953271028037382,0.022457891453524642,0.08722741433021808,0.05995185499222992,0.005618732786376075,0.0017164240824039112,0.0005054614369973553,0.00015437151906996986,0.39727073907852173,0.5020837783813477,0.4435696601867676,5
0.13879781420765028,0.024070021881838075,0.07650273224043715,0.05213498581700178,0.0018519898805078466,0.0006375364191445436,0.00018137610211828935,5.4447924341871845e-05,0.39206868410110474,0.5082145929336548,0.44264960289001465,6
0.13359920239282155,0.021956087824351295,0.06779661016949153,0.05218999472995323,0.001340487258222832,0.00048365955003837194,0.00022922718589131,0.0001256002853117665,0.39537927508354187,0.5117040872573853,0.4460828900337219,7
