rouge1_f,rouge2_f,rougeL_f,meteor,bleu1,bleu2,bleu3,bleu4,bertscore_precision,bertscore_recall,bertscore_f1,interaction_number
0.1643835616438356,0.018433179723502304,0.10045662100456622,0.1402520649976547,0.08888888888888888,0.00704688563442253,0.0030329003979718038,0.001992509012526459,0.39670929312705994,0.39559394121170044,0.3961508572101593,1
0.22994652406417113,0.01612903225806452,0.1122994652406417,0.14297554910899293,0.21478257757881647,0.009438943372206458,0.0033356832405501947,0.001985100497172233,0.37944090366363525,0.4096565246582031,0.39397019147872925,2
0.19469026548672566,0.02222222222222222,0.08849557522123895,0.13594384936865475,0.16811115910010735,0.021568132761010595,0.0050560057312165245,0.002450468514820754,0.35828179121017456,0.4070901870727539,0.3811297118663788,3
0.18003273322422259,0.016420361247947456,0.0851063829787234,0.0924011723048207,0.08143576842988133,0.02180954648026907,0.003821201032254858,0.0016011350418994382,0.34940212965011597,0.4103511869907379,0.3774318993091583,4
0.21164021164021166,0.01856763925729443,0.09259259259259257,0.0904641253283799,0.06346155711853727,0.0021679809222531522,0.0007043171788093297,0.0004018135677006585,0.33833950757980347,0.40105968713760376,0.3670394718647003,5
0.17763845350052246,0.016753926701570682,0.08150470219435738,0.07345932210998878,0.02944612415415226,0.00680344562165379,0.0011345601317024677,0.0004637345892427393,0.35812270641326904,0.45175445079803467,0.39952608942985535,6
