rouge1_f,rouge2_f,rougeL_f,meteor,bleu1,bleu2,bleu3,bleu4,bertscore_precision,bertscore_recall,bertscore_f1,interaction_number
0.2797927461139896,0.06770833333333333,0.15544041450777202,0.15058321017022067,0.20085393896461512,0.09993098782892199,0.04540699820857263,0.013096912744164796,0.4298146069049835,0.4846397042274475,0.4555836617946625,1
0.2297496318114875,0.02363367799113737,0.11782032400589101,0.09591315956276801,0.06797263706726009,0.020542349782570832,0.008697882028814777,0.0026794684406820026,0.35260117053985596,0.4428865909576416,0.392620325088501,2
0.19059107358262967,0.016928657799274483,0.11097708082026538,0.08121857988259182,0.035536508410510946,0.010677841101485907,0.0016622576162800497,0.0006565826392532526,0.3389317989349365,0.43138012290000916,0.3796083927154541,3
0.16717635066258918,0.016343207354443307,0.09582059123343527,0.0689010006913595,0.021100582425879633,0.006933317648281251,0.0010321698449313888,0.0003986611620989103,0.36040568351745605,0.4628427028656006,0.40525105595588684,4
0.13681783243658724,0.01539645881447267,0.07993850883935434,0.05626330300228665,0.005354454185185909,0.001968585724754243,0.0005859424963257783,0.00017995126774892955,0.3691922724246979,0.4785342812538147,0.41681167483329773,5
0.11163770405476565,0.017923036373220874,0.06424433912585571,0.04343102198907006,0.0003745904271008911,0.00014495446920083428,4.113814723849482e-05,1.2336913603747845e-05,0.36467742919921875,0.4900205433368683,0.4181581139564514,6
0.08611111111111111,0.012974976830398516,0.049074074074074076,0.03341056564180016,2.2137181805049695e-05,8.30267292924123e-06,1.1549542649439196e-06,4.3127963694832166e-07,0.3495961129665375,0.49010273814201355,0.4080939292907715,7
