rouge1_f,rouge2_f,rougeL_f,meteor,bleu1,bleu2,bleu3,bleu4,bertscore_precision,bertscore_recall,bertscore_f1,interaction_number
0.2650602409638554,0.08536585365853659,0.18072289156626503,0.19846836455832995,0.13580246913580246,0.00918419074887268,0.0037496201053927084,0.002399612805167593,0.42960089445114136,0.40982285141944885,0.4194788336753845,1
0.20895522388059704,0.054054054054054064,0.12537313432835823,0.14725346151696644,0.16226415094339622,0.04294078255196283,0.008883717105094733,0.00404455473795317,0.41344693303108215,0.40388697385787964,0.4086110293865204,2
0.1759656652360515,0.06034482758620689,0.0944206008583691,0.09999009728289278,0.15894831082165933,0.07505168612227658,0.04369854436655282,0.029370800295462393,0.384685218334198,0.3854221701622009,0.3850533366203308,3
0.1798941798941799,0.017699115044247787,0.09523809523809523,0.09235169929907149,0.12656315738448776,0.026434633286595233,0.005053315892683717,0.002211288718616703,0.3624502420425415,0.38739386200904846,0.37450721859931946,4
0.19069767441860463,0.011655011655011654,0.08372093023255814,0.07620549205097883,0.05352038478388876,0.011494959335514308,0.0020151018201877966,0.0008444094472555212,0.3579598665237427,0.41065138578414917,0.3824995160102844,5
0.15310233682514104,0.0129136400322841,0.072522159548751,0.061320754716981125,0.012704741604514186,0.0028176895240709524,0.000463491944255859,0.0001881440396378597,0.3567541837692261,0.43230757117271423,0.390913724899292,6
0.1337295690936107,0.008928571428571428,0.0713224368499257,0.05229315153393244,0.0072290134594429345,0.0018010213824757868,0.00028981232370558455,0.00011635726026685409,0.35360297560691833,0.42648035287857056,0.38663750886917114,7
