rouge1_f,rouge2_f,rougeL_f,meteor,bleu1,bleu2,bleu3,bleu4,bertscore_precision,bertscore_recall,bertscore_f1,interaction_number
0.19871794871794873,0.0064516129032258064,0.09615384615384615,0.12863268222963314,0.2176915840293013,0.03217741733768615,0.007910130708914423,0.0039268981676728815,0.3805050849914551,0.4097869098186493,0.39460352063179016,1
0.2260127931769723,0.017130620985010708,0.11087420042643922,0.12376237623762378,0.19282912944014108,0.03220089695963299,0.006541183638895149,0.002951053915260294,0.3660483956336975,0.416298508644104,0.38955965638160706,2
0.16564417177914112,0.009230769230769232,0.09202453987730061,0.08522727272727271,0.07256518075141107,0.002830172529951912,0.0009610539796749476,0.0005605920329306375,0.3430258333683014,0.40161263942718506,0.3700145184993744,3
0.17518248175182483,0.00975609756097561,0.0948905109489051,0.08139053662574149,0.0554766615065068,0.005890931575622391,0.0012963515598158654,0.0006086663251968002,0.3407449722290039,0.40557461977005005,0.37034404277801514,4
0.14794007490636707,0.015009380863039398,0.07116104868913857,0.06244347482266332,0.017174279037085616,0.0041939865441275506,0.0006704771525560404,0.0002683381819615431,0.3587709665298462,0.46369147300720215,0.40453892946243286,5
0.1319622964867181,0.008583690987124463,0.07369323050556983,0.057325990791730605,0.011135475393175744,0.002265503082511799,0.000390097499797966,0.00016202661621674328,0.35891979932785034,0.4676942825317383,0.4061501920223236,6
0.12130401819560273,0.007593014426727411,0.0667172100075815,0.05059087047192399,0.004250381950623361,0.0007489439172705226,0.0001353056465988233,5.756729837394649e-05,0.3517960011959076,0.4663957953453064,0.401070237159729,7
