rouge1_f,rouge2_f,rougeL_f,meteor,bleu1,bleu2,bleu3,bleu4,bertscore_precision,bertscore_recall,bertscore_f1,interaction_number
0.26277372262773724,0.007352941176470588,0.13138686131386862,0.16231699554423934,0.19339622641509435,0.009573765160251562,0.003520859935385282,0.0021377159120334293,0.43789374828338623,0.45113468170166016,0.4444156289100647,1
0.25688073394495414,0.013824884792626727,0.11926605504587155,0.16033264645582912,0.24054982817869416,0.040730385859538046,0.008310868334259713,0.003757393498524858,0.4072411358356476,0.4451032876968384,0.4253312945365906,2
0.260707635009311,0.018691588785046728,0.1005586592178771,0.13448931548417573,0.20097662830100438,0.022506436265424683,0.005040799710482418,0.00238754294914097,0.40602612495422363,0.45367711782455444,0.4285310208797455,3
0.2382445141065831,0.009433962264150943,0.10658307210031347,0.10767160161507404,0.13256049601929185,0.01391964860497832,0.003051578531170512,0.001430021667340233,0.37734144926071167,0.44827932119369507,0.4097628891468048,4
0.24093264248704668,0.03116883116883117,0.10103626943005181,0.10419243768635073,0.0919442250303795,0.02377996418642413,0.007929223530694134,0.0025769682331661823,0.363175630569458,0.44111329317092896,0.3983682692050934,5
0.2053056516724337,0.0208092485549133,0.08304498269896193,0.0866354383378239,0.05033095346471643,0.011627965341075916,0.0019389649974760517,0.0007924637919635002,0.3626910448074341,0.4537970721721649,0.40316110849380493,6
0.1893362350380849,0.017448200654307525,0.08487486398258977,0.07005253940455342,0.029961780710144013,0.006960267987704427,0.0011628775712179404,0.00047577158146572355,0.3513355553150177,0.4544559717178345,0.3962973952293396,7
