rouge1_f,rouge2_f,rougeL_f,meteor,bleu1,bleu2,bleu3,bleu4,bertscore_precision,bertscore_recall,bertscore_f1,interaction_number
0.24092888243831637,0.02328966521106259,0.10740203193033383,0.10901012977494831,0.10086039386851048,0.031268142094668605,0.01018669254587839,0.0032727584685510584,0.38349711894989014,0.45051437616348267,0.4143131375312805,1
0.22296544035674468,0.013407821229050279,0.09810479375696768,0.09598065676277064,0.06102969951842843,0.017252351499233886,0.006865910270883253,0.0020498896891812377,0.3820860683917999,0.46471625566482544,0.4193696677684784,2
0.17777777777777778,0.014842300556586273,0.08148148148148147,0.07628830499058974,0.02605524314421415,0.006524841802907574,0.002152387628304274,0.0006957699453280232,0.3856009542942047,0.4838540554046631,0.4291759431362152,3
0.15303030303030302,0.00606980273141123,0.07424242424242425,0.06451195011521672,0.010300498579461801,0.0025566864003815216,0.0003903023879434998,0.00015262539923437883,0.3852294087409973,0.4840875267982483,0.4290374219417572,4
0.15698787492022975,0.007667731629392972,0.07657945118059986,0.05774316203920129,0.007822061674447477,0.002053271845850106,0.00029365339113565376,0.00011113503854484117,0.3853464722633362,0.4815613031387329,0.4281146228313446,5
0.14736842105263157,0.00585480093676815,0.06666666666666667,0.052731366275625066,0.005065106192267608,0.0013245036832431256,0.00018918294413144607,7.155061781027869e-05,0.3870445787906647,0.4863795340061188,0.43106332421302795,6
