rouge1_f,rouge2_f,rougeL_f,meteor,bleu1,bleu2,bleu3,bleu4,bertscore_precision,bertscore_recall,bertscore_f1,interaction_number
0.030534351145038167,0.0,0.030534351145038167,0.09668508287292817,0.028901734104046235,0.004099186965902171,0.0021419029121246876,0.001550556534696072,0.44422298669815063,0.31207582354545593,0.3666044771671295,1
0.1095890410958904,0.009216589861751152,0.0730593607305936,0.15655577299412915,0.09565217391304348,0.006462933409758371,0.0026361786503779367,0.0016854841178710702,0.39926987886428833,0.3461998701095581,0.37084585428237915,2
0.0986842105263158,0.01324503311258278,0.06578947368421054,0.1334141904184354,0.10676156583629894,0.00617487899928582,0.002390842129767506,0.0014890249542804717,0.38306280970573425,0.3545531630516052,0.3682570159435272,3
0.13736263736263735,0.016574585635359115,0.08241758241758243,0.09972078181092942,0.12000000000000001,0.0066178259600835855,0.002522063471600286,0.0015583850851130475,0.3723236620426178,0.36629217863082886,0.3692832589149475,4
0.14758269720101783,0.020460358056265986,0.10178117048346055,0.08898435102792268,0.10043951936439745,0.005379359808246584,0.0020303996175015434,0.0012486491207508623,0.3564043939113617,0.36739110946655273,0.36181437969207764,5
0.163355408388521,0.017738359201773836,0.10596026490066225,0.0851374361469229,0.08243331236377928,0.004078973199759356,0.001499439956721923,0.0009100001900765283,0.34308087825775146,0.36729735136032104,0.3547763526439667,6
0.14624505928853754,0.015873015873015876,0.1067193675889328,0.07603826966379373,0.05778561410529997,0.0028593748698136773,0.0010511207341661302,0.0006379230616541962,0.33482104539871216,0.36835217475891113,0.35078713297843933,7
