rouge1_f,rouge2_f,rougeL_f,meteor,bleu1,bleu2,bleu3,bleu4,bertscore_precision,bertscore_recall,bertscore_f1,interaction_number
0.24000000000000002,0.04953560371517029,0.11692307692307692,0.1710402118517365,0.23348017621145375,0.04545543146488528,0.009719927306625098,0.004499717595762786,0.4382513165473938,0.44751039147377014,0.44283244013786316,1
0.2136279926335175,0.02957486136783734,0.09576427255985266,0.11715280216004367,0.11428159577715159,0.0043916964216221075,0.001484090962846548,0.0008636419130085332,0.3739311099052429,0.428350567817688,0.39929521083831787,2
0.24242424242424243,0.028943560057887122,0.10389610389610389,0.11042070650379664,0.07135089817355067,0.013431069584719683,0.0024805586823701676,0.0010670932849759444,0.3585009276866913,0.42586416006088257,0.38928988575935364,3
0.20706455542021923,0.019536019536019536,0.0876979293544458,0.09100937672366244,0.05382367941210624,0.013922367615883351,0.004887664427951331,0.0016300129533300919,0.3483297526836395,0.41665583848953247,0.379441499710083,4
0.18082788671023964,0.013100436681222707,0.07407407407407407,0.0737031991455963,0.025836115499576706,0.004834694216088432,0.0008911105332776563,0.0003829404614347275,0.34704989194869995,0.43856799602508545,0.38747838139533997,5
0.1650485436893204,0.015564202334630352,0.06990291262135923,0.0647023691021302,0.012548582381206213,0.00304948711859708,0.0005172345268530969,0.0002132306174795272,0.3533117175102234,0.45778146386146545,0.3988186717033386,6
0.1438474870017331,0.015625,0.0658578856152513,0.050703025138474654,0.004934766442149378,0.0009235856279619152,0.00017025852606934166,7.317758219060927e-05,0.35159915685653687,0.460623562335968,0.39879417419433594,7
0.14664586583463338,0.017187499999999998,0.06708268330733229,0.053922685501632865,0.005088070722789945,0.001427590959213147,0.0004678749982610422,0.000150764380135008,0.3602699339389801,0.47235310077667236,0.4087674915790558,8
