rouge1_f,rouge2_f,rougeL_f,meteor,bleu1,bleu2,bleu3,bleu4,bertscore_precision,bertscore_recall,bertscore_f1,interaction_number
0.24096385542168675,0.040485829959514164,0.10441767068273093,0.15890433542031118,0.24571428571428572,0.08402830080762913,0.04337888170407166,0.014759670156369815,0.42605507373809814,0.4518277049064636,0.4385630786418915,1
0.21220159151193632,0.02666666666666667,0.09549071618037135,0.1256686016708293,0.20073324660161387,0.0670474963731331,0.0322989684396988,0.010611580786097205,0.3740977644920349,0.41792476177215576,0.3947986364364624,2
0.17659137577002051,0.012371134020618556,0.09034907597535935,0.10137064534551683,0.15744594418448635,0.029541936142782055,0.013438569087901456,0.0051012603484988555,0.3899227976799011,0.42991259694099426,0.40894240140914917,3
0.1756272401433692,0.007194244604316546,0.08243727598566308,0.08965668051607259,0.1250078170738228,0.021319661326164422,0.009394814509804388,0.0035101132600810986,0.36199432611465454,0.42946791648864746,0.3928549885749817,4
0.18150087260034903,0.0,0.07329842931937172,0.08453085376162299,0.10137589115870464,0.013110511817843356,0.0030809889456619144,0.001494886993038338,0.36203813552856445,0.4327560365200043,0.3942509591579437,5
0.17133443163097198,0.0,0.0757825370675453,0.066289552766484,0.043986997922546685,0.0059446703191339545,0.0014181487297871534,0.00069345085595773,0.3098185658454895,0.41455748677253723,0.35461580753326416,6
0.1766109785202864,0.011961722488038277,0.07159904534606205,0.0630776917312016,0.021538952877520168,0.005465230253751126,0.0009405458395120484,0.00039060964752777764,0.3198453187942505,0.43026864528656006,0.3669293224811554,7
0.16383616383616384,0.006006006006006006,0.06593406593406594,0.0532023736443626,0.010395367159926946,0.002556911857669223,0.0004354855099828978,0.0001799167868700597,0.32159432768821716,0.4389447569847107,0.3712160289287567,8
