rouge1_f,rouge2_f,rougeL_f,meteor,bleu1,bleu2,bleu3,bleu4,bertscore_precision,bertscore_recall,bertscore_f1,interaction_number
0.11428571428571428,0.0,0.06666666666666667,0.09538950715421306,0.11920529801324502,0.00891460591812654,0.00376419988227448,0.0024501297223562513,0.4161035120487213,0.4137445092201233,0.4149206280708313,1
0.12582781456953643,0.006666666666666667,0.0662251655629139,0.11658435591010248,0.13170731707317077,0.008035073760083703,0.0031683116864260384,0.001991971323810406,0.40484413504600525,0.41112571954727173,0.40796077251434326,2
0.14659685863874344,0.010526315789473684,0.07329842931937172,0.11955814162281345,0.13620920871300063,0.007097110256710314,0.002654769461801001,0.0016255182208108978,0.37852010130882263,0.41553065180778503,0.39616283774375916,3
0.18408736349453977,0.012519561815336462,0.0842433697347894,0.09211775878442544,0.08753807349293652,0.014419809806765568,0.0029159603910934783,0.001312586187988013,0.3572653532028198,0.4224720597267151,0.38714221119880676,4
0.14509246088193456,0.008559201141226819,0.07112375533428164,0.07251099885937755,0.04574487880424177,0.0058691704935281514,0.001375910148234455,0.0006668836704159495,0.3462105393409729,0.41592416167259216,0.37787896394729614,5
0.15311004784688995,0.009592326139088728,0.07655502392344497,0.07050606220347917,0.03527850611277055,0.005733882381926786,0.0011542698873069006,0.0005183881374244068,0.34128695726394653,0.4233052730560303,0.3778970539569855,6
0.16615384615384615,0.012332990750256937,0.0717948717948718,0.06975722289355157,0.029314181847372087,0.003095290780439101,0.0006798415073490489,0.00031888627448005484,0.3631836771965027,0.4505589008331299,0.40218037366867065,7
