rouge1_f,rouge2_f,rougeL_f,meteor,bleu1,bleu2,bleu3,bleu4,bertscore_precision,bertscore_recall,bertscore_f1,interaction_number
0.19213973799126635,0.00881057268722467,0.11353711790393013,0.1116427432216906,0.0909090909090909,0.02354408046740055,0.006980051401375039,0.003806406900069766,0.39546555280685425,0.36093997955322266,0.3774148225784302,1
0.19883040935672514,0.011764705882352943,0.11695906432748537,0.0903741067675494,0.09331347157950301,0.01950578620743065,0.005382228569653637,0.0028307951798279434,0.3346315026283264,0.33301377296447754,0.3338206708431244,2
0.12886597938144329,0.0,0.08762886597938145,0.0652557319223986,0.06728456769008384,0.0046543322428405295,0.0019137085904372404,0.0012286153647670488,0.3178362548351288,0.32710564136505127,0.32240432500839233,3
0.11136890951276103,0.004662004662004662,0.06496519721577726,0.05320766190331408,0.04585186265424233,0.0034257235290700715,0.0014451350108731394,0.0009397389257832878,0.30120939016342163,0.3141028881072998,0.3075210452079773,4
0.13898305084745763,0.0034013605442176874,0.0711864406779661,0.054284606436603336,0.032503068216443505,0.001741553546186931,0.0006576205325038898,0.00040459729097052716,0.29528898000717163,0.3241574168205261,0.3090505003929138,5
0.1340341655716163,0.0026350461133069825,0.060446780551905395,0.05253441174329582,0.01675941184665098,0.0008008209509713263,0.0002910489753609008,0.00017566594259261464,0.2932506799697876,0.3492549955844879,0.3188120424747467,6
0.12244897959183673,0.004305705059203444,0.05800214822771214,0.04538720867086413,0.008911170392229092,0.001215360501578546,0.0002908101941693213,0.00014241307134625186,0.3086431622505188,0.38267678022384644,0.3416958451271057,7
