rouge1_f,rouge2_f,rougeL_f,meteor,bleu1,bleu2,bleu3,bleu4,bertscore_precision,bertscore_recall,bertscore_f1,interaction_number
0.21343873517786563,0.0,0.09486166007905138,0.14098885872784497,0.19676090738231242,0.04588871527983399,0.010427796507169188,0.004978756439023914,0.39870500564575195,0.43427473306655884,0.41573044657707214,1
0.25125628140703515,0.05555555555555555,0.1407035175879397,0.1578258726085116,0.20069187025418508,0.08472833221801385,0.05475604389605292,0.038315815747221066,0.41323840618133545,0.4555591344833374,0.4333680272102356,2
0.24951267056530216,0.019569471624266147,0.09356725146198829,0.12104801676485373,0.14650696626334406,0.04072008441590144,0.018451671653936817,0.010455786989635417,0.38150614500045776,0.44144999980926514,0.4092949330806732,3
0.25870646766169153,0.019966722129783693,0.10281923714759536,0.12039292008777189,0.1406652166300612,0.04133348318261757,0.017332597208226806,0.009447043305116804,0.38222503662109375,0.4471818804740906,0.41215983033180237,4
0.2485549132947977,0.02318840579710145,0.10693641618497111,0.1078144595267363,0.10575472202454482,0.02938341278067234,0.012093007933639707,0.0065295423276173145,0.3808929920196533,0.44739481806755066,0.41147422790527344,5
0.228287841191067,0.022388059701492536,0.10421836228287841,0.09535740747921971,0.07584122393741369,0.020969982185018065,0.008615998103481494,0.004648101575163344,0.36954784393310547,0.45095109939575195,0.40621137619018555,6
0.185226019845645,0.01988950276243094,0.07497243660418965,0.07880153109540783,0.04208074557319797,0.01425108935039424,0.005473100899994878,0.002854668769267632,0.37678176164627075,0.47970011830329895,0.4220573604106903,7
0.16290480863591758,0.019665683382497544,0.07065750736015701,0.06722604124545087,0.020388017723045316,0.00563803944231963,0.0023168414253355745,0.001250049706332131,0.3669528663158417,0.4705292582511902,0.412336140871048,8
