rouge1_f,rouge2_f,rougeL_f,meteor,bleu1,bleu2,bleu3,bleu4,bertscore_precision,bertscore_recall,bertscore_f1,interaction_number
0.2471169686985173,0.02975206611570248,0.1186161449752883,0.10102059372260778,0.08574476660237035,0.027697798785071465,0.011989447894090849,0.0037341498189605404,0.39316925406455994,0.4588964581489563,0.4234977960586548,1
0.17021276595744683,0.014828544949026877,0.08880666049953748,0.06639763976028532,0.017880542243161855,0.004716010465826968,0.0015829939945384204,0.0005162230637049829,0.39443451166152954,0.49118584394454956,0.43752530217170715,2
0.1641566265060241,0.01809954751131222,0.0783132530120482,0.06419988311889639,0.011285827087842624,0.003393140243654014,0.0004902822782135659,0.00018652446885053568,0.40100130438804626,0.48479506373405457,0.438934862613678,3
0.1598002496878901,0.012499999999999999,0.07615480649188515,0.058065881359980594,0.007562893742432815,0.001985329640374875,0.00028394922264417266,0.00010746727470450713,0.40724673867225647,0.48664167523384094,0.4434182941913605,4
0.12279818822345244,0.012090680100755667,0.06441872169099146,0.039745025116941994,0.0011228112843502,0.00022861407616848643,3.654678224026373e-05,1.4624346620278157e-05,0.3978833556175232,0.5084867477416992,0.44643664360046387,5
0.10324349017816353,0.012802926383173298,0.05847418912745546,0.036643281156640756,0.00041442704048274415,0.00011836359550849639,4.56353646128362e-05,2.3847861714282013e-05,0.3874844014644623,0.5084060430526733,0.43978458642959595,6
