rouge1_f,rouge2_f,rougeL_f,meteor,bleu1,bleu2,bleu3,bleu4,bertscore_precision,bertscore_recall,bertscore_f1,interaction_number
0.24447031431897556,0.03267211201866978,0.1071012805587893,0.10521033178334904,0.07513614207713154,0.026977178931310398,0.010035667648270935,0.002897110245630923,0.38494735956192017,0.4564881920814514,0.41767647862434387,1
0.2177822177822178,0.028028028028028024,0.0899100899100899,0.09131657563779556,0.05285556450560255,0.01839292381397622,0.005373778403264767,0.0016347795567368826,0.3773666322231293,0.45542824268341064,0.4127388894557953,2
0.21486123545210387,0.026905829596412557,0.08594449418084153,0.08472756757674048,0.03950062795916039,0.013033709417546198,0.0037409172553926075,0.0011279317195198577,0.39326032996177673,0.4839724898338318,0.4339262843132019,3
0.20452771272443404,0.0218921032056294,0.08430913348946135,0.0787780609143381,0.03258885834579485,0.010320557397466124,0.002921655817111635,0.0008748042175835116,0.4025111198425293,0.49197661876678467,0.44276976585388184,4
0.16936671575846834,0.022123893805309734,0.07363770250368189,0.06415661384718574,0.0131041679242456,0.0038209585596529986,0.0011773278039445365,0.000367802074312557,0.3847096562385559,0.483609676361084,0.4285273849964142,5
0.1523046092184369,0.012040133779264214,0.06947227788911156,0.0586192196462379,0.00864719849825241,0.002705214833520555,0.0008029905307968522,0.000246213058726317,0.37846750020980835,0.4794447720050812,0.4230135679244995,6
