rouge1_f,rouge2_f,rougeL_f,meteor,bleu1,bleu2,bleu3,bleu4,bertscore_precision,bertscore_recall,bertscore_f1,interaction_number
0.2368421052631579,0.013245033112582781,0.09868421052631579,0.1364522417153996,0.19198966970519957,0.06014361430219919,0.011967244176599676,0.005346146094984415,0.3990258574485779,0.4607089161872864,0.4276546239852905,1
0.20343461030383092,0.010596026490066225,0.08982826948480846,0.07701123946827397,0.02209463220290593,0.007124958443218727,0.0010921776230537895,0.0004281753809858108,0.3391425311565399,0.4660228490829468,0.3925855755805969,2
0.1663716814159292,0.015957446808510637,0.07256637168141593,0.05662365025019752,0.004664406584458254,0.001535228439117258,0.00047733598785587784,0.0001498457416972219,0.3318134546279907,0.47077640891075134,0.38926467299461365,3
0.16857610474631748,0.014754098360655738,0.06873977086743044,0.058130081300813014,0.004684519682858732,0.001484471070473213,0.00021151932317618765,7.992752329731142e-05,0.3391600549221039,0.47558659315109253,0.3959512710571289,4
0.15166548547129696,0.0099361249112846,0.06803685329553508,0.05359770195473972,0.0031721279969986623,0.0009136814543040096,0.0001301675901865352,4.917886913033092e-05,0.3516117334365845,0.4917123317718506,0.41002464294433594,5
0.14266666666666666,0.010680907877169559,0.06,0.05132060669456067,0.002320665567492993,0.0006684020215338492,9.521969860095364e-05,3.5973556067907604e-05,0.35433441400527954,0.5008733868598938,0.4150492548942566,6
0.14348646947765892,0.011342155009451797,0.06167400881057269,0.04945388349514564,0.0013362429629871246,0.00039715237058499044,5.5386751407248625e-05,2.0703732905720486e-05,0.35229429602622986,0.5007798671722412,0.413614422082901,7
0.11682242990654206,0.00935672514619883,0.05490654205607477,0.040377584983903536,0.0002592481317788491,8.620077709606997e-05,1.2124504370268162e-05,4.552012042350174e-06,0.340068519115448,0.4936681091785431,0.4027194380760193,8
0.10680628272251308,0.006289308176100628,0.05235602094240838,0.03596087456846951,8.139245851312547e-05,2.5561696237169658e-05,3.6314103109198693e-06,1.370191124313857e-06,0.34141677618026733,0.5023330450057983,0.4065302908420563,9
