rouge1_f,rouge2_f,rougeL_f,meteor,bleu1,bleu2,bleu3,bleu4,bertscore_precision,bertscore_recall,bertscore_f1,interaction_number
0.25130890052356025,0.031578947368421054,0.10994764397905758,0.13860989367746124,0.18540627744292748,0.04226478951795965,0.008322068378104473,0.0036971417931245722,0.3950651288032532,0.4207019805908203,0.4074806869029999,1
0.2300556586270872,0.0223463687150838,0.09276437847866419,0.12211361684729,0.13313421585167615,0.02633190704010797,0.004944169902881942,0.0021445747034035604,0.38468247652053833,0.43522846698760986,0.4083974361419678,2
0.20101781170483463,0.02040816326530612,0.089058524173028,0.09683718893327414,0.07230301391552428,0.016360933107978985,0.005837456167341671,0.001962565165287825,0.37533342838287354,0.440856397151947,0.40546485781669617,3
0.18872266973532792,0.016147635524798153,0.0759493670886076,0.086379962958771,0.045083006781024504,0.0064196749262611826,0.0012365364458393328,0.000543198090866921,0.36380958557128906,0.4411737322807312,0.39877408742904663,4
0.15459882583170254,0.013725490196078431,0.07436399217221135,0.06597520081473204,0.019021631179129188,0.00389017702276483,0.0006710324120035208,0.0002789634814713612,0.3642231822013855,0.45015138387680054,0.4026539623737335,5
0.13875598086124402,0.017571884984025562,0.06698564593301436,0.05734739511532099,0.007542060228676407,0.0026307394311708126,0.0010203956952738763,0.0005348931021488602,0.3650360107421875,0.4595683813095093,0.4068835973739624,6
0.14771904417089066,0.021754894851341553,0.07096307023895727,0.05518576787965307,0.005077807502664598,0.0014964636137708828,0.0004793367908637259,0.0001526945716340687,0.36679643392562866,0.464999258518219,0.41010087728500366,7
0.11415259172976121,0.015160349854227406,0.0594059405940594,0.04313512444098796,0.0011625901055033116,0.00036647845595619944,0.00011590778864339339,3.668924736539443e-05,0.36213356256484985,0.4711150527000427,0.40949738025665283,8
