rouge1_f,rouge2_f,rougeL_f,meteor,bleu1,bleu2,bleu3,bleu4,bertscore_precision,bertscore_recall,bertscore_f1,interaction_number
0.3370165745856354,0.07777777777777779,0.14917127071823208,0.2387513012105733,0.2827868852459016,0.11314173597103215,0.06821195865052695,0.04458322114516961,0.4566545784473419,0.4704166054725647,0.4634334444999695,1
0.30980392156862746,0.03543307086614173,0.11764705882352942,0.14715232880240042,0.19154446766353855,0.06069221987628068,0.025095425215784218,0.00763841048271397,0.40553462505340576,0.4719705581665039,0.4362376630306244,2
0.23437499999999997,0.018808777429467086,0.096875,0.08999745989032099,0.059376339433396215,0.02008943041246376,0.006740713933920333,0.002198383081498883,0.3536441922187805,0.45369046926498413,0.3974683880805969,3
0.19524405506883605,0.012547051442910916,0.0851063829787234,0.06035161374967201,0.013577712139708785,0.004131682514593083,0.0014553605486517867,0.0004863822639923232,0.3346351385116577,0.45829498767852783,0.38682249188423157,4
0.17216117216117216,0.012844036697247707,0.08241758241758242,0.05840114887505984,0.008074978874657647,0.0026255831042957057,0.000389541834811639,0.00015020885002397467,0.36231598258018494,0.4877307415008545,0.41577160358428955,5
0.14778325123152708,0.009868421052631578,0.06732348111658458,0.0511969481450643,0.003751756992749262,0.001486260826998812,0.000558467259043261,0.00016205816442320614,0.3541761636734009,0.4852442741394043,0.40947768092155457,6
0.13844086021505378,0.013458950201884251,0.06989247311827958,0.044814765635373795,0.0009592715629997829,0.00036336134723012647,0.00013450886353905228,3.8741527496369414e-05,0.3463665246963501,0.48967212438583374,0.4057372808456421,7
