rouge1_f,rouge2_f,rougeL_f,meteor,bleu1,bleu2,bleu3,bleu4,bertscore_precision,bertscore_recall,bertscore_f1,interaction_number
0.1811320754716981,0.01520912547528517,0.09811320754716982,0.16044345966717283,0.15639810426540285,0.027290160817670158,0.007089603839896745,0.003617850713233857,0.4045616388320923,0.3964797854423523,0.4004799425601959,1
0.19301848049281317,0.0041237113402061865,0.10677618069815197,0.11474469305794606,0.1591886746899097,0.006511193937052217,0.0022462681786502487,0.001320618228831431,0.37667006254196167,0.40159642696380615,0.3887340724468231,2
0.19197207678883071,0.007005253940455342,0.09773123909249563,0.10643274853801168,0.13094801203316686,0.016147550281011402,0.003735059860251503,0.0017979834865710276,0.36956140398979187,0.41344791650772095,0.3902747929096222,3
0.17432646592709983,0.006359300476947535,0.08240887480190175,0.08745247148288972,0.08969057646332294,0.003372396380511623,0.0011312326734057216,0.0006558012159587055,0.3490470051765442,0.4053369462490082,0.37509191036224365,4
0.18457300275482097,0.013812154696132598,0.08539944903581267,0.08473671266235788,0.06501541771599573,0.012613648776902846,0.005069318974059053,0.001808887124957198,0.34341076016426086,0.40307846665382385,0.37085995078086853,5
0.1871049304677623,0.017743979721166033,0.09608091024020227,0.07925472747497218,0.05626094548784931,0.014973587549161187,0.002463118236677217,0.0009998708847895055,0.3366168737411499,0.4055365025997162,0.3678765892982483,6
0.166073546856465,0.011890606420927466,0.09252669039145907,0.0672227063363625,0.03693344594341076,0.005849998927156859,0.0011674462177149712,0.0005219911352253709,0.347927451133728,0.42591869831085205,0.3829929530620575,7
