rouge1_f,rouge2_f,rougeL_f,meteor,bleu1,bleu2,bleu3,bleu4,bertscore_precision,bertscore_recall,bertscore_f1,interaction_number
0.24193548387096775,0.032520325203252036,0.12096774193548387,0.14839905376599488,0.1853932584269663,0.010234351660634897,0.0039042354558672036,0.0024148629515322456,0.4286596477031708,0.4420774579048157,0.4352651834487915,1
0.26164079822616404,0.031180400890868598,0.13303769401330376,0.14184983991078176,0.18863835955527586,0.034506158452019056,0.015566670833985745,0.0058852117973492496,0.42020800709724426,0.4571618139743805,0.4379066824913025,2
0.2486288848263254,0.025688073394495414,0.10237659963436928,0.12168570871320428,0.17379047926170468,0.049572226310392174,0.017978868317208352,0.006094011666828191,0.40143969655036926,0.4542425870895386,0.426211953163147,3
0.2360248447204969,0.021806853582554516,0.09627329192546584,0.0995906475407112,0.1103411293435838,0.02519300596738353,0.004507626309899443,0.00190837400806687,0.37861180305480957,0.444715678691864,0.40901002287864685,4
0.22894736842105268,0.02110817941952507,0.09473684210526316,0.09752936374748444,0.10912192655550024,0.022913020913580138,0.00398621904992502,0.0016639225321726674,0.3849361836910248,0.4490434527397156,0.4145258963108063,5
0.2243436754176611,0.0215311004784689,0.09785202863961813,0.09661904678414361,0.09585637508372713,0.01969796474930726,0.0034021815225201346,0.0014149577628307763,0.38545799255371094,0.44907599687576294,0.4148421585559845,6
0.21574973031283712,0.015135135135135133,0.08845738942826323,0.08061960094478303,0.06327209938367973,0.011201864896825169,0.0020263414926979416,0.0008624864967156392,0.3930165767669678,0.46385255455970764,0.4255066514015198,7
