rouge1_f,rouge2_f,rougeL_f,meteor,bleu1,bleu2,bleu3,bleu4,bertscore_precision,bertscore_recall,bertscore_f1,interaction_number
0.15894039735099336,0.05369127516778524,0.06622516556291391,0.19195056352459017,0.039735099337748346,0.005146850126549786,0.0026099504272843422,0.0018616959975219078,0.44136977195739746,0.3596016466617584,0.39631199836730957,1
0.13284132841328414,0.03717472118959108,0.08856088560885608,0.15220259355793675,0.05150214592274678,0.004711602787668988,0.0021260580584746996,0.0014297146951917446,0.408872127532959,0.3367905020713806,0.36934733390808105,2
0.12716763005780346,0.01744186046511628,0.07514450867052024,0.10355609770671331,0.0576923076923077,0.004719642176587362,0.0020514746133393556,0.0013538368452335665,0.38108399510383606,0.3474388122558594,0.3634845018386841,3
0.11494252873563218,0.018475750577367205,0.0735632183908046,0.08772662364658461,0.07999999999999999,0.005403432269582995,0.0022032253796150205,0.0014081598853038484,0.36906635761260986,0.35957062244415283,0.3642566204071045,4
0.1,0.02092050209205021,0.0625,0.06936416184971096,0.06986042685493539,0.004340757601432744,0.0017214445064780697,0.001085101559637774,0.3408110737800598,0.35440364480018616,0.34747445583343506,5
0.09073724007561437,0.011385199240986717,0.05293005671077505,0.05504802061372687,0.0445016361685349,0.0028782173699132326,0.0011568503757286332,0.0007341486223318643,0.3325549364089966,0.3644011616706848,0.3477504551410675,6
