rouge1_f,rouge2_f,rougeL_f,meteor,bleu1,bleu2,bleu3,bleu4,bertscore_precision,bertscore_recall,bertscore_f1,interaction_number
0.13756613756613756,0.010695187165775399,0.10582010582010581,0.1394230769230769,0.11976047904191617,0.008493813448193962,0.0035229555538318553,0.0022723195818681397,0.41201144456863403,0.38804900646209717,0.39967140555381775,1
0.1507246376811594,0.0058309037900874635,0.09275362318840578,0.10893484608164625,0.13914034320502755,0.034334298860340805,0.007946169101804023,0.0038272423563160607,0.368336021900177,0.39224371314048767,0.37991413474082947,2
0.17289719626168223,0.004694835680751174,0.08411214953271028,0.09850651414045121,0.12734880270623125,0.027209815546924573,0.006001456016546714,0.002821612049891835,0.36101940274238586,0.3949407637119293,0.3772190511226654,3
0.1829787234042553,0.008547008547008546,0.1021276595744681,0.0906515580736544,0.12213158410654402,0.029979589760798262,0.00604971850914701,0.002720538602577175,0.3534033000469208,0.3957138657569885,0.37336376309394836,4
0.1589648798521257,0.011131725417439705,0.09242144177449169,0.08247669136983024,0.09466244624194786,0.01897046820180169,0.00409528422679651,0.001904696264581796,0.35126209259033203,0.3963853120803833,0.37246203422546387,5
0.16796267496111975,0.0062402496099844,0.08398133748055987,0.07465472191116088,0.06691380727464942,0.012450017850466922,0.0026218979562240546,0.0012043942836512402,0.3344208896160126,0.38983580470085144,0.3600083589553833,6
