rouge1_f,rouge2_f,rougeL_f,meteor,bleu1,bleu2,bleu3,bleu4,bertscore_precision,bertscore_recall,bertscore_f1,interaction_number
0.1621621621621622,0.02727272727272727,0.0990990990990991,0.17313490065200718,0.11111111111111109,0.02273314464901579,0.006227328162820035,0.0032631077405736327,0.42173755168914795,0.4028092622756958,0.4120561480522156,1
0.158311345646438,0.010610079575596816,0.06860158311345646,0.10408483896307937,0.1366906474820144,0.007024728047770357,0.0026148692816303706,0.0015968139349794555,0.3792467713356018,0.39213263988494873,0.3855820596218109,2
0.1782178217821782,0.007952286282306164,0.09108910891089109,0.07936507936507937,0.09804941948284551,0.004579792636945004,0.0016513320858090822,0.000992479154023646,0.354018896818161,0.3997534513473511,0.3754987120628357,3
0.1917808219178082,0.002496878901373284,0.06973848069738481,0.0720685625243475,0.04213485192726809,0.004578468212441832,0.0010153298571454214,0.0004785723612143642,0.3512691855430603,0.4270889163017273,0.38548627495765686,4
0.16265060240963855,0.004024144869215292,0.07028112449799197,0.061446904695140636,0.017445478900267507,0.003190838194535295,0.0005836178343684473,0.0002498242188736559,0.3615139126777649,0.4529429078102112,0.40209659934043884,5
0.14848762603116408,0.0036730945821854917,0.06966086159486709,0.05193661971830985,0.010654203466519518,0.001609047231424028,0.0003160525790216365,0.0001401988539360106,0.35991930961608887,0.4576272964477539,0.40293458104133606,6
