rouge1_f,rouge2_f,rougeL_f,meteor,bleu1,bleu2,bleu3,bleu4,bertscore_precision,bertscore_recall,bertscore_f1,interaction_number
0.20465116279069767,0.028169014084507043,0.10232558139534884,0.13278388278388278,0.12568306010928962,0.026278627520035288,0.007252853876619502,0.0038156064089157845,0.4048324227333069,0.38840171694755554,0.39644691348075867,1
0.1440922190201729,0.011594202898550725,0.08645533141210375,0.11610297829379101,0.14885496183206107,0.023881489155008116,0.0060309142489892035,0.003033628697959119,0.3846825361251831,0.3882913887500763,0.3864785432815552,2
0.19804741980474197,0.013986013986013986,0.09483960948396095,0.08781081551034603,0.10455332731894147,0.03005302614190486,0.004817788507184566,0.0019305685682803693,0.37061935663223267,0.4283955693244934,0.3974185883998871,3
0.1808785529715762,0.0233160621761658,0.082687338501292,0.07515437997877579,0.05520655318049729,0.015146203163927495,0.002516988928351889,0.0010269851548306186,0.35042643547058105,0.42042991518974304,0.3822495639324188,4
0.1735052754982415,0.016451233842538188,0.07737397420867527,0.07156625414305222,0.04392502741887409,0.010735134201133877,0.001823970207871996,0.0007524896301434037,0.3536326587200165,0.4326900243759155,0.3891870677471161,5
0.15669205658324267,0.013086150490730647,0.06746463547334058,0.060799844436611974,0.025039371040008442,0.005609218732852747,0.0009973324420031746,0.0004209287938657298,0.34542518854141235,0.43555596470832825,0.3852896988391876,6
