rouge1_f,rouge2_f,rougeL_f,meteor,bleu1,bleu2,bleu3,bleu4,bertscore_precision,bertscore_recall,bertscore_f1,interaction_number
0.25857519788918204,0.04774535809018567,0.12137203166226913,0.16713753134093642,0.22170954426965866,0.0752835468721975,0.03464763702984559,0.019788990245919232,0.43792903423309326,0.4560435116291046,0.4468027651309967,1
0.23177570093457944,0.03377110694183865,0.10841121495327102,0.13713829455771662,0.174722352149037,0.05023826168526747,0.021867907558772465,0.012144025183615459,0.40259939432144165,0.46214914321899414,0.43032386898994446,2
0.15165876777251183,0.007125890736342042,0.07109004739336493,0.07937584803256444,0.049488829357926374,0.011558647311352697,0.005251315732751199,0.002979192715000643,0.35361820459365845,0.4419965147972107,0.3928987383842468,3
0.14666666666666667,0.0057251908396946565,0.06857142857142857,0.06937568365510668,0.022607376907789432,0.006374072441191685,0.0020923427809872996,0.0006747375066918298,0.3725234568119049,0.47547248005867004,0.4177488088607788,4
0.14382402707275804,0.003389830508474576,0.06937394247038918,0.06593308914073245,0.013866835334849809,0.0035866773935239716,0.0011960246424994841,0.0003887290617419154,0.37432870268821716,0.48037272691726685,0.4207722246646881,5
0.13092550790067722,0.006028636021100225,0.06170052671181339,0.053467591852224834,0.00570839432311626,0.0019425932566709534,0.0008554259704324516,0.00024277406931817229,0.3637945055961609,0.47717681527137756,0.41284239292144775,6
0.13246753246753243,0.007802340702210664,0.06623376623376621,0.04989238942157865,0.0025218334712493484,0.0007482693163835547,0.00023193681831927104,7.268176711135208e-05,0.35447096824645996,0.4772610664367676,0.40680214762687683,7
