rouge1_f,rouge2_f,rougeL_f,meteor,bleu1,bleu2,bleu3,bleu4,bertscore_precision,bertscore_recall,bertscore_f1,interaction_number
0.24242424242424243,0.0110803324099723,0.11019283746556474,0.14586014586014587,0.20085470085470086,0.009284596613337807,0.003336921818088095,0.002002656795732274,0.3885769248008728,0.4081575274467468,0.39812663197517395,1
0.24125874125874122,0.010526315789473684,0.09090909090909093,0.10426892335263592,0.11513627407697112,0.01419891030508572,0.003284590392105752,0.0015812655383862988,0.3658974766731262,0.42222464084625244,0.3920482099056244,2
0.22038567493112948,0.011049723756906077,0.08539944903581266,0.0977094345667147,0.08395017668517751,0.018136030587438828,0.0068631586852211605,0.0023762241562349288,0.3617463707923889,0.4289323687553406,0.3924849033355713,3
0.20232558139534884,0.002331002331002331,0.08604651162790697,0.08004538005798563,0.04527032334606732,0.004652865059022427,0.0010128310507973315,0.0004729686490380267,0.35637712478637695,0.4350305199623108,0.3917953670024872,4
0.17874875868917578,0.011940298507462687,0.07745779543197617,0.07004540887047049,0.02388445013758344,0.003508682466090734,0.0006828347725062741,0.00030149610323284404,0.3678477108478546,0.4572716951370239,0.40771397948265076,5
0.16085790884718498,0.010743061772605192,0.06613047363717606,0.06705770682039339,0.013707430906991416,0.001394244249526476,0.00030244568321981263,0.00014099013504873689,0.36672502756118774,0.4552035629749298,0.4062020182609558,6
