rouge1_f,rouge2_f,rougeL_f,meteor,bleu1,bleu2,bleu3,bleu4,bertscore_precision,bertscore_recall,bertscore_f1,interaction_number
0.24242424242424243,0.022160664819944595,0.11019283746556473,0.17648630324442674,0.251561071029331,0.06889456763749637,0.03302061407206766,0.01924776326196993,0.4310436248779297,0.44854798913002014,0.4396216571331024,1
0.24344569288389512,0.02631578947368421,0.11610486891385768,0.1443830795329033,0.18177713545835628,0.05824507421841273,0.024172628366225225,0.0073709251636374625,0.4133763313293457,0.46564826369285583,0.43795809149742126,2
0.21875000000000003,0.014245014245014247,0.09659090909090909,0.12473729200969037,0.1409632140460549,0.0413369632783694,0.01665268649361688,0.005002131128621524,0.4000956416130066,0.4621526598930359,0.42889097332954407,3
0.16489988221436985,0.007083825265643447,0.08009422850412251,0.08923279618268574,0.05443709216112478,0.015503439432524496,0.005106401229873886,0.00164954534573374,0.3757399320602417,0.4581713378429413,0.412881463766098,4
0.15581854043392504,0.009881422924901186,0.07889546351084811,0.07699269853373016,0.03173165569336993,0.00885911845468938,0.0028985171050451087,0.0009331619116432593,0.37710264325141907,0.4699690639972687,0.41844525933265686,5
0.15525876460767948,0.006688963210702341,0.07846410684474124,0.0675246986313786,0.019416319278162196,0.005042817661255374,0.0007475443294788776,0.0002880638243773169,0.3831678628921509,0.48292484879493713,0.4273013472557068,6
0.13409415121255347,0.00857142857142857,0.06847360912981455,0.05521334134615384,0.007300905391898275,0.002037143667770014,0.00029738975153272896,0.00011372531117362812,0.37404412031173706,0.47737517952919006,0.4194393455982208,7
0.11728395061728394,0.002472187886279357,0.06296296296296296,0.04741158380317785,0.004103191836861945,0.0009347051232748943,0.00014597577502078386,5.773501324362395e-05,0.3806571960449219,0.47874724864959717,0.42410433292388916,8
