rouge1_f,rouge2_f,rougeL_f,meteor,bleu1,bleu2,bleu3,bleu4,bertscore_precision,bertscore_recall,bertscore_f1,interaction_number
0.22325581395348837,0.07511737089201877,0.12093023255813953,0.16717264081931238,0.20588235294117646,0.09234539199981245,0.053400764816015814,0.030901637246912746,0.43303555250167847,0.4523729085922241,0.4424930810928345,1
0.23592493297587133,0.03773584905660377,0.1126005361930295,0.13567131666523313,0.19790635624617328,0.04718767854843868,0.02031786306117982,0.007505506142494646,0.3926336169242859,0.43205249309539795,0.4114009737968445,2
0.20382165605095542,0.029850746268656712,0.1061571125265393,0.10255815841485467,0.12852747328149355,0.033537750363213534,0.00627555179384094,0.002717577570992954,0.36287373304367065,0.4238547384738922,0.3910008370876312,3
0.2071197411003236,0.051948051948051945,0.11326860841423947,0.09907820778312672,0.1311891686658782,0.04561486872471275,0.014905365529068001,0.004795535058780969,0.3853047490119934,0.4383698105812073,0.4101279377937317,4
0.19568345323741007,0.02886002886002886,0.10071942446043165,0.0865912208504801,0.09925212855406314,0.01856878981039753,0.003421745231177046,0.0014701050764395203,0.3731333315372467,0.4352208375930786,0.4017927050590515,5
0.1673202614379085,0.026212319790301444,0.0784313725490196,0.07063731602810744,0.062209684529384725,0.0194651006124213,0.006615079204126979,0.002170487166993309,0.3484063744544983,0.43259936571121216,0.38596484065055847,6
0.15041128084606345,0.02355712603062426,0.0799059929494712,0.0639229683900313,0.04246738070137272,0.01242947727845055,0.002004739445759572,0.000805825051314223,0.3698899745941162,0.4549678862094879,0.408041387796402,7
